"","compound_id","superclass","class","subclass"
"1","M1004T543_2_NEG","Lipids and lipid-like molecules","Fatty Acyls","Fatty acyl thioesters"
"2","M1007T429_NEG","Organic oxygen compounds","Organooxygen compounds","Carbohydrates and carbohydrate conjugates"
"3","M1018T398_POS","Organoheterocyclic compounds","Diazanaphthalenes","Benzodiazines"
"4","M101T264_NEG","Organic acids and derivatives","Keto acids and derivatives","Short-chain keto acids and derivatives"
"5","M101T868_POS","Phenylpropanoids and polyketides","Coumarins and derivatives","Coumarin glycosides"
"6","M102T199_NEG","Phenylpropanoids and polyketides","Cinnamic acids and derivatives","Cinnamic acids"
"7","M102T433_NEG","Organic acids and derivatives","Carboxylic acids and derivatives","Amino acids, peptides, and analogues"
"8","M102T452_NEG","Organic acids and derivatives","Carboxylic acids and derivatives","Amino acids, peptides, and analogues"
"9","M102T64_1_POS","Organic acids and derivatives","Carboxylic acids and derivatives","Amino acids, peptides, and analogues"
"10","M102T967_POS","Organoheterocyclic compounds","Pteridines and derivatives","Pterins and derivatives"
"11","M1035T651_POS","Lipids and lipid-like molecules","Steroids and steroid derivatives","Steroidal glycosides"
"12","M103T140_NEG","Organic acids and derivatives","Carboxylic acids and derivatives","Dicarboxylic acids and derivatives"
"13","M103T399_NEG","Organic acids and derivatives","Hydroxy acids and derivatives","Beta hydroxy acids and derivatives"
"14","M103T936_2_POS","Organic oxygen compounds","Organooxygen compounds","Ethers"
"15","M104T424_NEG","Organic acids and derivatives","Carboxylic acids and derivatives","Amino acids, peptides, and analogues"
"16","M105T136_POS","Benzenoids","Benzene and substituted derivatives","Phenylpropanes"
"17","M105T63_POS","Organic nitrogen compounds","Organonitrogen compounds","Quaternary ammonium salts"
"18","M106T136_POS","Organic nitrogen compounds","Organonitrogen compounds","Nitrogen mustard compounds"
"19","M106T67_POS","Organic acids and derivatives","Carboxylic acids and derivatives","Amino acids, peptides, and analogues"
"20","M107T706_POS","Nucleosides, nucleotides, and analogues","Purine nucleotides","Purine ribonucleotides"
"21","M110T75_POS","Organoheterocyclic compounds","Indoles and derivatives","N-alkylindoles"
"22","M111T72_NEG","Alkaloids and derivatives","Vinca alkaloids",""
"23","M111T937_2_POS","Organoheterocyclic compounds","Thiochromanes",""
"24","M114T65_POS","Mixed metal/non-metal compounds","Metalloid salts","Metalloid fluorides"
"25","M115T448_NEG","Organic acids and derivatives","Carboxylic acids and derivatives","Dicarboxylic acids and derivatives"
"26","M115T95_NEG","Organic oxygen compounds","Organooxygen compounds","Carbonyl compounds"
"27","M116T371_NEG","Organic acids and derivatives","Carboxylic acids and derivatives","Amino acids, peptides, and analogues"
"28","M116T64_POS","Organic acids and derivatives","Carboxylic acids and derivatives","Amino acids, peptides, and analogues"
"29","M117T353_NEG","Organoheterocyclic compounds","Azaspirodecane derivatives",""
"30","M117T417_NEG","Organic acids and derivatives","Carboxylic acids and derivatives","Dicarboxylic acids and derivatives"
"31","M118T67_POS","Organic acids and derivatives","Carboxylic acids and derivatives","Amino acids, peptides, and analogues"
"32","M118T932_POS","Organic acids and derivatives","Carboxylic acids and derivatives","Amino acids, peptides, and analogues"
"33","M119T199_NEG","Organic oxygen compounds","Organooxygen compounds","Carbohydrates and carbohydrate conjugates"
"34","M119T67_POS","Hydrocarbons","Saturated hydrocarbons","Alkanes"
"35","M119T706_POS","Organic acids and derivatives","Carboxylic acids and derivatives","Amino acids, peptides, and analogues"
"36","M120T66_POS","Organic acids and derivatives","Carboxylic acids and derivatives","Amino acids, peptides, and analogues"
"37","M120T94_POS","Organic nitrogen compounds","Organonitrogen compounds","Amines"
"38","M121T754_POS","Benzenoids","Benzene and substituted derivatives","Benzoic acids and derivatives"
"39","M121T77_POS","Benzenoids","Benzene and substituted derivatives","Phenylacetaldehydes"
"40","M122T136_POS","Benzenoids","Benzene and substituted derivatives","Phenethylamines"
"41","M122T178_POS","Benzenoids","Benzene and substituted derivatives","Benzoyl derivatives"
"42","M122T189_POS","Benzenoids","Benzene and substituted derivatives","Xylenes"
"43","M122T931_POS","Organoheterocyclic compounds","Pyridines and derivatives","Methylpyridines"
"44","M124T917_POS","Organic nitrogen compounds","Organonitrogen compounds","Amines"
"45","M124T92_2_NEG","Organic acids and derivatives","Organic sulfonic acids and derivatives","Organosulfonic acids and derivatives"
"46","M128T362_NEG","Organic acids and derivatives","Carboxylic acids and derivatives","Amino acids, peptides, and analogues"
"47","M130T345_1_NEG","Organic acids and derivatives","Carboxylic acids and derivatives","Amino acids, peptides, and analogues"
"48","M130T405_NEG","Organic acids and derivatives","Carboxylic acids and derivatives","Amino acids, peptides, and analogues"
"49","M130T66_POS","Organic acids and derivatives","Carboxylic acids and derivatives","Amino acids, peptides, and analogues"
"50","M130T931_POS","Mixed metal/non-metal compounds","Alkali metal salts","Alkali metal iodides"
"51","M131T397_NEG","Lipids and lipid-like molecules","Fatty Acyls","Fatty acid esters"
"52","M131T424_NEG","Organic acids and derivatives","Carboxylic acids and derivatives","Amino acids, peptides, and analogues"
"53","M131T931_POS","Organoheterocyclic compounds","Triazines","1,3,5-triazines"
"54","M132T78_2_POS","Organic acids and derivatives","Carboxylic acids and derivatives","Amino acids, peptides, and analogues"
"55","M133T444_2_NEG","Organic acids and derivatives","Hydroxy acids and derivatives","Beta hydroxy acids and derivatives"
"56","M133T64_POS","Organic acids and derivatives","Carboxylic acids and derivatives","Amino acids, peptides, and analogues"
"57","M134T64_POS","Organic acids and derivatives","Carboxylic acids and derivatives","Amino acids, peptides, and analogues"
"58","M135T395_POS","Benzenoids","Phenols","1-hydroxy-2-unsubstituted benzenoids"
"59","M135T399_NEG","Organic oxygen compounds","Organooxygen compounds","Carbohydrates and carbohydrate conjugates"
"60","M137T395_POS","Benzenoids","Benzene and substituted derivatives","Benzoic acids and derivatives"
"61","M137T496_POS","Organic oxygen compounds","Organooxygen compounds","Carbonyl compounds"
"62","M138T65_POS","Alkaloids and derivatives","",""
"63","M142T917_POS","Benzenoids","Benzene and substituted derivatives","Phenethylamines"
"64","M145T134_NEG","Organic oxygen compounds","Organooxygen compounds","Alcohols and polyols"
"65","M145T423_NEG",NA,NA,NA
"66","M146T423_NEG","Organic nitrogen compounds","Organonitrogen compounds","Oximes"
"67","M146T65_POS","Lipids and lipid-like molecules","Fatty Acyls","Fatty acids and conjugates"
"68","M147T447_POS","Phenylpropanoids and polyketides","Cinnamic acids and derivatives","Hydroxycinnamic acids and derivatives"
"69","M147T65_POS",NA,NA,NA
"70","M148T354_NEG","Benzenoids","Phenols","1-hydroxy-2-unsubstituted benzenoids"
"71","M148T429_NEG","Organic acids and derivatives","Carboxylic acids and derivatives","Amino acids, peptides, and analogues"
"72","M148T447_POS",NA,NA,NA
"73","M148T66_POS","Organic acids and derivatives","Carboxylic acids and derivatives","Amino acids, peptides, and analogues"
"74","M149T369_NEG","Organic acids and derivatives","Organic phosphonic acids and derivatives","Organic phosphonic acids"
"75","M149T754_2_POS",NA,NA,NA
"76","M150T489_POS","Benzenoids","Benzene and substituted derivatives","Anilides"
"77","M150T76_POS","Organic acids and derivatives","Carboxylic acids and derivatives","Amino acids, peptides, and analogues"
"78","M151T76_POS","Lipids and lipid-like molecules","Prenol lipids","Diterpenoids"
"79","M153T331_POS","Benzenoids","Phenols","Methoxyphenols"
"80","M153T772_POS","Organoheterocyclic compounds","Quinolines and derivatives","Quinoline carboxylic acids"
"81","M153T938_POS","Organic acids and derivatives","Carboxylic acids and derivatives","Amino acids, peptides, and analogues"
"82","M154T958_POS","Benzenoids","Phenols","Benzenediols"
"83","M155T938_POS","Organoheterocyclic compounds","Dithiolanes","1,2-dithiolanes"
"84","M156T63_POS","Organic acids and derivatives","Carboxylic acids and derivatives","Amino acids, peptides, and analogues"
"85","M157T186_2_NEG","Organoheterocyclic compounds","Azoles","Imidazoles"
"86","M157T700_POS","Lipids and lipid-like molecules","Prenol lipids","Monoterpenoids"
"87","M157T819_POS","Benzenoids","Benzene and substituted derivatives","Benzenesulfonyl compounds"
"88","M157T94_NEG","Lipids and lipid-like molecules","Fatty Acyls","Fatty acids and conjugates"
"89","M158T65_POS","Organic oxygen compounds","Organooxygen compounds","Ethers"
"90","M159T148_POS","Organoheterocyclic compounds","Pyridines and derivatives",""
"91","M160T946_POS","Organoheterocyclic compounds","Benzoxazines",""
"92","M161T126_2_POS","Organic oxygen compounds","Organooxygen compounds","Ketene acetals"
"93","M162T64_POS","Organic nitrogen compounds","Organonitrogen compounds","Quaternary ammonium salts"
"94","M164T329_2_NEG","Organic acids and derivatives","Carboxylic acids and derivatives","Amino acids, peptides, and analogues"
"95","M164T453_POS","Benzenoids","Phenol ethers","Aminophenyl ethers"
"96","M165T447_POS","Phenylpropanoids and polyketides","Cinnamic acids and derivatives","Hydroxycinnamic acids and derivatives"
"97","M165T77_POS","Phenylpropanoids and polyketides","Cinnamic acids and derivatives","Hydroxycinnamic acids and derivatives"
"98","M166T94_1_POS","Organic acids and derivatives","Carboxylic acids and derivatives","Amino acids, peptides, and analogues"
"99","M167T94_POS","Organic oxygen compounds","Organooxygen compounds","Carbohydrates and carbohydrate conjugates"
"100","M169T959_NEG","Benzenoids","Benzene and substituted derivatives","Benzoic acids and derivatives"
"101","M170T772_POS","Organoheterocyclic compounds","Tetrahydroisoquinolines",""
"102","M171T946_POS","Lipids and lipid-like molecules","Steroids and steroid derivatives","Androstane steroids"
"103","M171T96_NEG","Organoheterocyclic compounds","Oxanes",""
"104","M173T421_NEG",NA,NA,NA
"105","M173T79_POS","Organic acids and derivatives","Carboxylic acids and derivatives","Amino acids, peptides, and analogues"
"106","M175T63_POS","Organic acids and derivatives","Carboxylic acids and derivatives","Amino acids, peptides, and analogues"
"107","M175T700_POS","Lipids and lipid-like molecules","Fatty Acyls","Fatty alcohols"
"108","M175T98_NEG",NA,NA,NA
"109","M177T459_POS","Phenylpropanoids and polyketides","Cinnamic acids and derivatives","Hydroxycinnamic acids and derivatives"
"110","M178T459_POS","Organosulfur compounds","Sulfoxides",""
"111","M178T933_POS","Organoheterocyclic compounds","Pyridines and derivatives",""
"112","M179T263_1_NEG","Organic oxygen compounds","Organooxygen compounds","Carbohydrates and carbohydrate conjugates"
"113","M179T326_NEG","Organic oxygen compounds","Organooxygen compounds","Carbohydrates and carbohydrate conjugates"
"114","M180T148_NEG","Benzenoids","Benzene and substituted derivatives",""
"115","M180T369_NEG","Organic acids and derivatives","Carboxylic acids and derivatives","Amino acids, peptides, and analogues"
"116","M181T318_2_NEG","Organic oxygen compounds","Organooxygen compounds","Carbohydrates and carbohydrate conjugates"
"117","M182T318_NEG","Acetylides","",""
"118","M182T77_POS","Organic acids and derivatives","Carboxylic acids and derivatives","Amino acids, peptides, and analogues"
"119","M183T707_POS","Benzenoids","Benzene and substituted derivatives","Benzophenones"
"120","M184T400_NEG","Phenylpropanoids and polyketides","Flavonoids","Hydroxyflavonoids"
"121","M185T83_POS","Organoheterocyclic compounds","Pyrans","Pyranones and derivatives"
"122","M185T96_NEG","Lignans, neolignans and related compounds","Lignan lactones",""
"123","M186T170_NEG","Organoheterocyclic compounds","Pyrrolizidines",""
"124","M187T1068_NEG","Benzenoids","Benzene and substituted derivatives","Xylenes"
"125","M189T63_POS","Organic acids and derivatives","Carboxylic acids and derivatives","Amino acids, peptides, and analogues"
"126","M189T783_POS","Organoheterocyclic compounds","Lactones","Gamma butyrolactones"
"127","M190T522_1_NEG","Benzenoids","Benzene and substituted derivatives",""
"128","M190T877_POS","Organoheterocyclic compounds","Triazines","1,3,5-triazines"
"129","M190T926_POS","Benzenoids","Dibenzocycloheptenes",""
"130","M191T398_NEG","Organic oxygen compounds","Organooxygen compounds","Alcohols and polyols"
"131","M191T549_NEG","Organic acids and derivatives","Carboxylic acids and derivatives","Tricarboxylic acids and derivatives"
"132","M192T608_POS","Benzenoids","Benzene and substituted derivatives","Toluenes"
"133","M192T756_POS","Organoheterocyclic compounds","Oxazinanes","Morpholines"
"134","M193T157_POS","Lipids and lipid-like molecules","Fatty Acyls","Fatty alcohols"
"135","M193T185_NEG","Phenylpropanoids and polyketides","Coumarins and derivatives","Hydroxycoumarins"
"136","M193T62_NEG","Benzenoids","Phenols","Methoxyphenols"
"137","M193T79_POS","Organoheterocyclic compounds","Pyridines and derivatives","Pyrrolidinylpyridines"
"138","M193T937_NEG","Organic 1,3-dipolar compounds","Propargyl-type 1,3-dipolar organic compounds","Diazo compounds"
"139","M195T402_NEG","Organic oxygen compounds","Organooxygen compounds","Carbohydrates and carbohydrate conjugates"
"140","M195T459_POS","Phenylpropanoids and polyketides","Cinnamic acids and derivatives","Hydroxycinnamic acids and derivatives"
"141","M197T163_POS","Organic oxygen compounds","Organooxygen compounds","Carbonyl compounds"
"142","M197T814_POS","Benzenoids","Fluorenes",""
"143","M198T623_POS","Organoheterocyclic compounds","Pyrrolidines","N-alkylpyrrolidines"
"144","M198T63_POS","Organoheterocyclic compounds","Furopyrans",""
"145","M199T579_POS","Benzenoids","Benzene and substituted derivatives","Diphenylmethanes"
"146","M199T93_NEG","Organic nitrogen compounds","Organonitrogen compounds","Quaternary ammonium salts"
"147","M201T194_NEG","Phenylpropanoids and polyketides","Coumarins and derivatives",""
"148","M202T596_POS","Organic nitrogen compounds","Organonitrogen compounds","Aminoxides"
"149","M203T345_NEG","Organoheterocyclic compounds","Indoles and derivatives","Indolyl carboxylic acids and derivatives"
"150","M203T596_POS","Organic acids and derivatives","Carboxylic acids and derivatives","Amino acids, peptides, and analogues"
"151","M203T956_NEG","Organometallic compounds","Organometalloid compounds","Organosilicon compounds"
"152","M205T148_1_POS","Organoheterocyclic compounds","Indoles and derivatives","Indolyl carboxylic acids and derivatives"
"153","M205T754_POS","Benzenoids","Benzene and substituted derivatives","Benzoic acids and derivatives"
"154","M205T945_NEG","Benzenoids","Phenol ethers","Anisoles"
"155","M206T437_NEG","Organic acids and derivatives","Carboxylic acids and derivatives","Amino acids, peptides, and analogues"
"156","M206T90_POS","Lipids and lipid-like molecules","Fatty Acyls","Fatty amides"
"157","M207T553_POS",NA,NA,NA
"158","M207T94_POS","Organic acids and derivatives","Carboxylic acids and derivatives","Amino acids, peptides, and analogues"
"159","M208T861_POS","Organoheterocyclic compounds","Quinolidines",""
"160","M209T149_POS","Organic oxygen compounds","Organooxygen compounds","Carbonyl compounds"
"161","M209T556_POS","Lipids and lipid-like molecules","Fatty Acyls","Fatty amides"
"162","M209T589_POS",NA,NA,NA
"163","M209T918_NEG","Benzenoids","Benzene and substituted derivatives","Halobenzenes"
"164","M210T398_NEG","Benzenoids","Benzene and substituted derivatives","Benzenesulfonamides"
"165","M210T61_NEG","Lipids and lipid-like molecules","Steroids and steroid derivatives","Steroid esters"
"166","M210T862_POS","Lipids and lipid-like molecules","Prenol lipids","Monoterpenoids"
"167","M213T99_POS","Organic oxygen compounds","Organooxygen compounds","Carbonyl compounds"
"168","M215T260_2_NEG","Phenylpropanoids and polyketides","Coumarins and derivatives","Furanocoumarins"
"169","M216T325_2_NEG","Benzenoids","Benzene and substituted derivatives","Anilides"
"170","M216T884_POS","Organic acids and derivatives","Organic phosphoric acids and derivatives","Phosphate esters"
"171","M217T78_POS","Benzenoids","Benzene and substituted derivatives","Benzoic acids and derivatives"
"172","M218T199_NEG","Organoheterocyclic compounds","Diazines","Pyrimidines and pyrimidine derivatives"
"173","M218T330_NEG","Organic oxygen compounds","Organooxygen compounds","Alcohols and polyols"
"174","M219T330_POS","Organoheterocyclic compounds","Indoles and derivatives","Indolyl carboxylic acids and derivatives"
"175","M219T463_POS",NA,NA,NA
"176","M219T938_NEG","Organic oxygen compounds","Organooxygen compounds","Carbonyl compounds"
"177","M220T289_NEG","Organic oxygen compounds","Organooxygen compounds","Carbohydrates and carbohydrate conjugates"
"178","M220T92_POS","Organic oxygen compounds","Organooxygen compounds","Alcohols and polyols"
"179","M221T168_NEG",NA,NA,NA
"180","M223T625_POS","Organoheterocyclic compounds","Benzodioxoles",""
"181","M225T647_POS","Benzenoids","Benzene and substituted derivatives","Benzoic acids and derivatives"
"182","M227T254_POS","Organic oxygen compounds","Organooxygen compounds","Carbohydrates and carbohydrate conjugates"
"183","M227T69_NEG","Lipids and lipid-like molecules","Fatty Acyls","Fatty acids and conjugates"
"184","M230T168_NEG","Organic acids and derivatives","Organic sulfuric acids and derivatives","Arylsulfates"
"185","M230T65_POS","Organic acids and derivatives","Carboxylic acids and derivatives","Amino acids, peptides, and analogues"
"186","M230T694_POS","Organic nitrogen compounds","Organonitrogen compounds","Aminoxides"
"187","M230T77_POS","Lipids and lipid-like molecules","Fatty Acyls","Fatty amides"
"188","M231T1026_NEG","Organic acids and derivatives","Organic phosphonic acids and derivatives","Phosphonic acid diesters"
"189","M231T174_NEG","Organoheterocyclic compounds","Diazines","Pyrazines"
"190","M231T67_POS",NA,NA,NA
"191","M233T396_NEG","Organoheterocyclic compounds","Indoles and derivatives","Indolecarboxylic acids and derivatives"
"192","M233T532_POS","Benzenoids","Benzene and substituted derivatives",""
"193","M233T62_NEG",NA,NA,NA
"194","M233T745_POS","Benzenoids","Phenols","1-hydroxy-2-unsubstituted benzenoids"
"195","M235T310_POS","Benzenoids","Benzene and substituted derivatives","Xylenes"
"196","M235T485_POS","Organic oxygen compounds","Organooxygen compounds","Carbonyl compounds"
"197","M236T397_NEG","Organic acids and derivatives","Carboxylic acids and derivatives","Amino acids, peptides, and analogues"
"198","M236T64_POS","Alkaloids and derivatives","Aporphines",""
"199","M237T148_POS",NA,NA,NA
"200","M237T310_POS","Lipids and lipid-like molecules","Prenol lipids","Sesquiterpenoids"
"201","M237T397_NEG","Benzenoids","Benzene and substituted derivatives","Benzoic acids and derivatives"
"202","M237T447_POS","Organoheterocyclic compounds","Indoles and derivatives","Indoles"
"203","M237T735_POS","Lipids and lipid-like molecules","Prenol lipids","Sesquiterpenoids"
"204","M239T101_POS","Benzenoids","Benzene and substituted derivatives","Nitrobenzenes"
"205","M241T68_NEG","Benzenoids","Benzene and substituted derivatives","Anilides"
"206","M242T859_POS","Alkaloids and derivatives","Tropane alkaloids",""
"207","M243T139_NEG","Nucleosides, nucleotides, and analogues","Pyrimidine nucleosides",""
"208","M245T281_NEG","Organoheterocyclic compounds","Quinolines and derivatives","Aminoquinolines and derivatives"
"209","M245T297_POS","Organoheterocyclic compounds","Quinolines and derivatives","Indoloquinolines"
"210","M246T359_NEG","Organic nitrogen compounds","Organonitrogen compounds","Amines"
"211","M247T505_POS",NA,NA,NA
"212","M247T62_1_NEG","Organic acids and derivatives","Hydroxy acids and derivatives","Medium-chain hydroxy acids and derivatives"
"213","M247T62_2_NEG","Lipids and lipid-like molecules","Fatty Acyls","Fatty acids and conjugates"
"214","M247T708_POS","Benzenoids","Benzene and substituted derivatives","Benzoic acids and derivatives"
"215","M247T842_POS","Lipids and lipid-like molecules","Prenol lipids","Triterpenoids"
"216","M247T86_POS","Organoheterocyclic compounds","Pyrazolopyrimidines",""
"217","M248T142_POS","Organic oxygen compounds","Organooxygen compounds","Carbohydrates and carbohydrate conjugates"
"218","M248T931_POS","Lipids and lipid-like molecules","Prenol lipids","Monoterpenoids"
"219","M249T66_NEG","Organoheterocyclic compounds","Tetrahydroisoquinolines",""
"220","M249T870_POS","Organoheterocyclic compounds","Indoles and derivatives","Indoles"
"221","M249T933_POS","Organoheterocyclic compounds","Pyrrolizines",""
"222","M250T404_POS","Organoheterocyclic compounds","Indolizidines",""
"223","M250T643_POS","Benzenoids","Phenol ethers","Anisoles"
"224","M251T723_POS","Organoheterocyclic compounds","Oxepanes",""
"225","M251T789_POS","Organic acids and derivatives","Organic phosphoric acids and derivatives","Phosphate esters"
"226","M253T137_NEG","Organoheterocyclic compounds","Lactams","Caprolactams"
"227","M253T68_NEG","Lipids and lipid-like molecules","Fatty Acyls","Fatty acids and conjugates"
"228","M253T721_POS","Phenylpropanoids and polyketides","Flavonoids","Flavones"
"229","M255T100_NEG",NA,NA,NA
"230","M255T1077_NEG",NA,NA,NA
"231","M255T135_NEG",NA,NA,NA
"232","M255T281_POS","Lipids and lipid-like molecules","Prenol lipids","Monoterpenoids"
"233","M255T67_2_NEG","Lipids and lipid-like molecules","Fatty Acyls","Fatty acids and conjugates"
"234","M255T887_POS","Organoheterocyclic compounds","Benzofurans",""
"235","M256T1025_NEG","Organoheterocyclic compounds","Piperidines",""
"236","M256T329_NEG","Benzenoids","Benzene and substituted derivatives","Anilides"
"237","M257T289_NEG","Organoheterocyclic compounds","Lactams","Beta lactams"
"238","M257T65_NEG","Benzenoids","Naphthalenes","Naphthalenecarboxylic acids and derivatives"
"239","M259T466_POS","Phenylpropanoids and polyketides","Stilbenes",""
"240","M259T748_POS","Organoheterocyclic compounds","Quinolines and derivatives",""
"241","M261T136_POS","Organic acids and derivatives","Carboxylic acids and derivatives","Amino acids, peptides, and analogues"
"242","M262T123_POS","Benzenoids","Phenols","1-hydroxy-2-unsubstituted benzenoids"
"243","M262T284_POS","Organoheterocyclic compounds","Diazines","Pyrimidines and pyrimidine derivatives"
"244","M262T745_POS","Benzenoids","Benzene and substituted derivatives","Benzoic acids and derivatives"
"245","M263T104_NEG","Benzenoids","Benzene and substituted derivatives","Benzophenones"
"246","M263T62_NEG",NA,NA,NA
"247","M263T736_POS","Allenes","Acyclic allenes",""
"248","M264T572_POS","Organoheterocyclic compounds","Diazanaphthalenes","Benzodiazines"
"249","M264T65_POS","Nucleosides, nucleotides, and analogues","Nucleoside and nucleotide analogues","Cyclopentyl nucleosides"
"250","M265T62_2_NEG","Organic acids and derivatives","Organic sulfuric acids and derivatives","Sulfuric acid esters"
"251","M266T289_NEG","Benzenoids","Benzene and substituted derivatives","Halobenzenes"
"252","M266T578_POS",NA,NA,NA
"253","M267T404_NEG","Organoheterocyclic compounds","Diazanaphthalenes","Benzodiazines"
"254","M267T733_POS","Organic acids and derivatives","Organic phosphoric acids and derivatives","Phosphate esters"
"255","M268T98_NEG","Organoheterocyclic compounds","Quinolines and derivatives","Quinolones and derivatives"
"256","M269T309_NEG","Organic oxygen compounds","Organooxygen compounds","Carbohydrates and carbohydrate conjugates"
"257","M269T326_NEG","Organic oxygen compounds","Organooxygen compounds","Carbohydrates and carbohydrate conjugates"
"258","M269T65_NEG","Organic nitrogen compounds","Organonitrogen compounds","Amines"
"259","M269T66_NEG","Lipids and lipid-like molecules","Fatty Acyls","Fatty acids and conjugates"
"260","M269T752_POS","Lipids and lipid-like molecules","Fatty Acyls","Fatty acids and conjugates"
"261","M269T912_POS","Lipids and lipid-like molecules","Prenol lipids","Sesquiterpenoids"
"262","M270T873_POS","Organoheterocyclic compounds","Tetrahydroisoquinolines",""
"263","M271T95_NEG","Lipids and lipid-like molecules","Fatty Acyls","Fatty acids and conjugates"
"264","M273T700_POS","Lipids and lipid-like molecules","Prenol lipids","Diterpenoids"
"265","M273T94_NEG","Phenylpropanoids and polyketides","Linear 1,3-diarylpropanoids","Chalcones and dihydrochalcones"
"266","M274T290_NEG","Organic acids and derivatives","Organic carbonic acids and derivatives","Ureas"
"267","M275T798_POS","Lipids and lipid-like molecules","Fatty Acyls","Fatty alcohols"
"268","M276T726_POS","Organic acids and derivatives","Carboxylic acids and derivatives","Carboxylic acid derivatives"
"269","M276T77_POS","Organic oxygen compounds","Organooxygen compounds","Carbohydrates and carbohydrate conjugates"
"270","M277T67_NEG","Lipids and lipid-like molecules","Fatty Acyls","Lineolic acids and derivatives"
"271","M279T641_POS","Benzenoids","Benzene and substituted derivatives","Phenylphosphines and derivatives"
"272","M279T67_NEG","Lipids and lipid-like molecules","Fatty Acyls","Lineolic acids and derivatives"
"273","M279T754_2_POS","Benzenoids","Benzene and substituted derivatives","Benzoic acids and derivatives"
"274","M280T398_NEG","Alkaloids and derivatives","Aporphines",""
"275","M281T401_NEG","Organic nitrogen compounds","Organonitrogen compounds","Guanidines"
"276","M281T707_POS","Organic acids and derivatives","Hydroxy acids and derivatives","Alpha hydroxy acids and derivatives"
"277","M281T741_POS","Lipids and lipid-like molecules","Fatty Acyls","Fatty acids and conjugates"
"278","M282T138_NEG","Benzenoids","Benzene and substituted derivatives","Halobenzenes"
"279","M282T82_POS","Organic acids and derivatives","Carboxylic acids and derivatives","Amino acids, peptides, and analogues"
"280","M283T66_NEG","Lipids and lipid-like molecules","Fatty Acyls","Fatty acids and conjugates"
"281","M284T909_POS","Organic nitrogen compounds","Organonitrogen compounds","Amines"
"282","M285T859_POS","Lipids and lipid-like molecules","Prenol lipids","Diterpenoids"
"283","M287T704_POS","Organometallic compounds","Organometalloid compounds","Organosilicon compounds"
"284","M289T816_POS","Organic acids and derivatives","Carboxylic acids and derivatives","Amino acids, peptides, and analogues"
"285","M291T422_NEG","Organic acids and derivatives","Carboxylic acids and derivatives","Amino acids, peptides, and analogues"
"286","M291T62_NEG","Lipids and lipid-like molecules","Fatty Acyls","Fatty acids and conjugates"
"287","M291T814_POS","Benzenoids","Naphthalenes","Naphthoquinones"
"288","M293T68_NEG","Organoheterocyclic compounds","Pyrans","Pyranones and derivatives"
"289","M293T717_POS",NA,NA,NA
"290","M293T779_POS",NA,NA,NA
"291","M293T95_NEG","Benzenoids","Phenols","Methoxyphenols"
"292","M294T61_NEG","Organoheterocyclic compounds","Quinolines and derivatives","Quinolones and derivatives"
"293","M294T779_POS","Lipids and lipid-like molecules","Fatty Acyls","Fatty amides"
"294","M295T72_NEG",NA,NA,NA
"295","M295T94_NEG",NA,NA,NA
"296","M296T692_POS","Lipids and lipid-like molecules","Fatty Acyls","Fatty amides"
"297","M297T61_NEG","Benzenoids","Benzene and substituted derivatives","Benzenesulfonic acids and derivatives"
"298","M297T730_POS","Benzenoids","Phenanthrenes and derivatives",""
"299","M297T772_POS","Organic nitrogen compounds","Organonitrogen compounds","Amines"
"300","M297T937_NEG","Organohalogen compounds","Halohydrins","Fluorohydrins"
"301","M298T112_POS","Nucleosides, nucleotides, and analogues","5'-deoxyribonucleosides","5'-deoxy-5'-thionucleosides"
"302","M298T135_NEG","Organic nitrogen compounds","Organonitrogen compounds","Amines"
"303","M298T922_POS","Benzenoids","Naphthalenes","Nitronaphthalenes"
"304","M299T66_NEG","Phenylpropanoids and polyketides","Linear 1,3-diarylpropanoids","Chalcones and dihydrochalcones"
"305","M299T776_POS","Organic acids and derivatives","Carboxylic acids and derivatives","Amino acids, peptides, and analogues"
"306","M301T73_NEG","Phenylpropanoids and polyketides","Flavonoids","O-methylated flavonoids"
"307","M303T437_3_POS","Benzenoids","Naphthalenes","Naphthalene sulfonic acids and derivatives"
"308","M304T472_POS","Phenylpropanoids and polyketides","Cinnamic acids and derivatives","Hydroxycinnamic acids and derivatives"
"309","M305T706_POS","Lipids and lipid-like molecules","Steroids and steroid derivatives","Pregnane steroids"
"310","M305T930_POS","Lipids and lipid-like molecules","Fatty Acyls","Fatty acyl glycosides"
"311","M308T73_POS","Organic acids and derivatives","Carboxylic acids and derivatives","Amino acids, peptides, and analogues"
"312","M309T65_NEG","Organoheterocyclic compounds","Pyridines and derivatives","Pyridinecarboxylic acids and derivatives"
"313","M309T734_POS","Organic oxygen compounds","Organooxygen compounds","Carbonyl compounds"
"314","M309T804_POS","Organic oxygen compounds","Organooxygen compounds","Alcohols and polyols"
"315","M309T94_NEG","Lipids and lipid-like molecules","Fatty Acyls","Lineolic acids and derivatives"
"316","M310T604_POS","Organoheterocyclic compounds","Pyrrolidines","N-alkylpyrrolidines"
"317","M311T717_POS","Organic acids and derivatives","Carboxylic acids and derivatives","Amino acids, peptides, and analogues"
"318","M311T94_NEG",NA,NA,NA
"319","M312T600_POS","Organic acids and derivatives","Carboxylic acids and derivatives","Amino acids, peptides, and analogues"
"320","M312T94_2_NEG","Lipids and lipid-like molecules","Fatty Acyls","Fatty acids and conjugates"
"321","M313T95_NEG","Lipids and lipid-like molecules","Fatty Acyls","Fatty acids and conjugates"
"322","M314T144_NEG","Phenylpropanoids and polyketides","Flavonoids","O-methylated flavonoids"
"323","M314T470_POS","Benzenoids","Phenols","Methoxyphenols"
"324","M315T312_NEG","Organic oxygen compounds","Organooxygen compounds","Carbohydrates and carbohydrate conjugates"
"325","M317T655_POS","Lipids and lipid-like molecules","Prenol lipids","Terpene glycosides"
"326","M319T773_POS","Lipids and lipid-like molecules","Prenol lipids","Quinone and hydroquinone lipids"
"327","M321T887_POS","Organic nitrogen compounds","Organonitrogen compounds","Amines"
"328","M322T153_NEG","Benzenoids","Phenanthrenes and derivatives","Phenanthrols"
"329","M322T710_POS","Organoheterocyclic compounds","Azaspirodecane derivatives",""
"330","M322T830_POS","Organic nitrogen compounds","Organonitrogen compounds","Amines"
"331","M323T67_NEG","Organoheterocyclic compounds","Benzofurans",""
"332","M323T798_POS","Benzenoids","Benzene and substituted derivatives","Benzoic acids and derivatives"
"333","M323T811_POS","Lipids and lipid-like molecules","Prenol lipids","Diterpenoids"
"334","M325T61_NEG","Benzenoids","Benzene and substituted derivatives","Benzenesulfonic acids and derivatives"
"335","M327T700_POS","Organic acids and derivatives","Organic phosphoric acids and derivatives","Phosphate esters"
"336","M327T766_2_POS","Organosulfur compounds","Thioethers","Aryl thioethers"
"337","M327T771_POS","Organoheterocyclic compounds","Naphthopyrans",""
"338","M327T937_POS","Organohalogen compounds","Vinyl halides","Vinyl bromides"
"339","M329T65_NEG","Organoheterocyclic compounds","Naphthopyrans",""
"340","M329T66_NEG","Lipids and lipid-like molecules","Glycerolipids","Monoradylglycerols"
"341","M330T175_POS","Organic acids and derivatives","Carboxylic acids and derivatives","Amino acids, peptides, and analogues"
"342","M330T380_POS",NA,NA,NA
"343","M331T688_POS",NA,NA,NA
"344","M332T688_POS","Organometallic compounds","Organometalloid compounds","Organosilicon compounds"
"345","M332T724_POS","Benzenoids","Phenols","Nitrophenols"
"346","M335T327_POS","Organoheterocyclic compounds","Azoles","Thiazoles"
"347","M335T366_POS","Lipids and lipid-like molecules","Fatty Acyls","Eicosanoids"
"348","M335T912_POS","Lipids and lipid-like molecules","Steroids and steroid derivatives","Pregnane steroids"
"349","M336T111_POS","Organoheterocyclic compounds","Diazanaphthalenes","Benzodiazines"
"350","M336T142_NEG","Lipids and lipid-like molecules","Fatty Acyls","Fatty acids and conjugates"
"351","M336T850_POS","Lipids and lipid-like molecules","Fatty Acyls","Fatty amides"
"352","M337T360_NEG","Lipids and lipid-like molecules","Fatty Acyls","Fatty alcohols"
"353","M338T917_POS","Lipids and lipid-like molecules","Fatty Acyls","Fatty amides"
"354","M339T206_NEG","Organic acids and derivatives","Carboxylic acids and derivatives","Amino acids, peptides, and analogues"
"355","M339T830_POS","Organoheterocyclic compounds","Isoindoles and derivatives","Isoindolines"
"356","M341T390_NEG","Organic oxygen compounds","Organooxygen compounds","Carbohydrates and carbohydrate conjugates"
"357","M342T105_NEG",NA,NA,NA
"358","M343T409_POS","Lipids and lipid-like molecules","Steroids and steroid derivatives","Steroidal alkaloids"
"359","M343T418_NEG","Lipids and lipid-like molecules","Fatty Acyls","Fatty acyl glycosides"
"360","M344T676_POS","Lipids and lipid-like molecules","Steroids and steroid derivatives","Oxosteroids"
"361","M344T796_POS","Organoheterocyclic compounds","Quinolizines",""
"362","M345T796_POS","Lipids and lipid-like molecules","Steroids and steroid derivatives","Bile acids, alcohols and derivatives"
"363","M345T812_POS","Lipids and lipid-like molecules","Steroids and steroid derivatives","Steroid esters"
"364","M347T814_POS","Lipids and lipid-like molecules","Steroids and steroid derivatives","Hydroxysteroids"
"365","M349T476_POS","Organic acids and derivatives","Carboxylic acids and derivatives","Carboxylic acid derivatives"
"366","M349T745_POS",NA,NA,NA
"367","M349T94_NEG","Benzenoids","Benzene and substituted derivatives","N-phenylureas"
"368","M350T367_2_POS","Organoheterocyclic compounds","Pyridines and derivatives","Hydropyridines"
"369","M351T341_NEG","Organic acids and derivatives","Carboxylic acids and derivatives","Amino acids, peptides, and analogues"
"370","M351T783_POS","Organoheterocyclic compounds","Pyridines and derivatives","Pyridinium derivatives"
"371","M352T341_NEG","Organoheterocyclic compounds","Coumarans",""
"372","M353T173_NEG","Benzenoids","Naphthalenes","Naphthols and derivatives"
"373","M353T62_NEG","Lipids and lipid-like molecules","Prenol lipids","Sesquiterpenoids"
"374","M356T74_NEG","Organoheterocyclic compounds","Benzothiazines","Phenothiazines"
"375","M356T767_POS","Organic nitrogen compounds","Organonitrogen compounds","Amines"
"376","M357T351_NEG","Benzenoids","Anthracenes","Anthraquinones"
"377","M358T65_NEG","Organoheterocyclic compounds","Quinolizidines",""
"378","M359T731_2_POS",NA,NA,NA
"379","M360T74_POS",NA,NA,NA
"380","M361T174_NEG","Organic nitrogen compounds","Organonitrogen compounds","Amines"
"381","M361T746_POS",NA,NA,NA
"382","M362T829_POS","Organoheterocyclic compounds","Pyrrolines",""
"383","M363T66_POS","Phenylpropanoids and polyketides","Flavonoids","O-methylated flavonoids"
"384","M365T135_NEG","Organic oxygen compounds","Organooxygen compounds","Carbohydrates and carbohydrate conjugates"
"385","M365T63_POS",NA,NA,NA
"386","M365T715_POS","Lipids and lipid-like molecules","Fatty Acyls","Fatty acids and conjugates"
"387","M365T790_POS","Benzenoids","Benzene and substituted derivatives","Benzoic acids and derivatives"
"388","M367T409_2_POS","Organoheterocyclic compounds","Diazanaphthalenes","Benzodiazines"
"389","M369T62_NEG","Lipids and lipid-like molecules","Fatty Acyls","Fatty acid esters"
"390","M369T843_POS","Lipids and lipid-like molecules","Fatty Acyls","Fatty alcohols"
"391","M371T805_POS","Lipids and lipid-like molecules","Steroids and steroid derivatives","Azasteroids and derivatives"
"392","M373T272_POS","Phenylpropanoids and polyketides","Flavonoids","O-methylated flavonoids"
"393","M373T378_POS","Lipids and lipid-like molecules","Prenol lipids","Terpene glycosides"
"394","M373T752_POS","Organosulfur compounds","Thioethers","Aryl thioethers"
"395","M374T733_POS","Lipids and lipid-like molecules","Prenol lipids","Monoterpenoids"
"396","M375T447_POS","Phenylpropanoids and polyketides","Flavonoids","Flavones"
"397","M375T912_POS",NA,NA,NA
"398","M377T939_2_NEG","Benzenoids","Phenol esters",""
"399","M378T153_NEG","Organoheterocyclic compounds","Benzodiazepines","Dibenzodiazepines"
"400","M378T590_POS",NA,NA,NA
"401","M378T71_NEG","Organoheterocyclic compounds","Diazanaphthalenes","Benzodiazines"
"402","M378T750_POS","Organoheterocyclic compounds","Quinolines and derivatives","Quinolones and derivatives"
"403","M379T383_POS","Lipids and lipid-like molecules","Fatty Acyls","Fatty alcohol esters"
"404","M379T392_NEG","Organoheterocyclic compounds","Furopyrans",""
"405","M379T66_NEG","Organoheterocyclic compounds","Naphthopyrans",""
"406","M379T819_POS",NA,NA,NA
"407","M380T794_POS","Organic oxygen compounds","Organooxygen compounds","Ethers"
"408","M380T819_POS","Organic acids and derivatives","Carboxylic acids and derivatives","Amino acids, peptides, and analogues"
"409","M381T189_NEG","Benzenoids","Tetralins",""
"410","M382T435_NEG","Lipids and lipid-like molecules","Steroids and steroid derivatives","Androstane steroids"
"411","M382T789_POS","Lipids and lipid-like molecules","Sphingolipids","Phosphosphingolipids"
"412","M383T95_NEG","Lipids and lipid-like molecules","Fatty Acyls","Fatty acids and conjugates"
"413","M384T436_NEG","Benzenoids","Phenols","Halophenols"
"414","M385T562_POS","Lipids and lipid-like molecules","Prenol lipids","Diterpenoids"
"415","M386T179_NEG","Organic oxygen compounds","Organooxygen compounds","Carbohydrates and carbohydrate conjugates"
"416","M386T372_POS",NA,NA,NA
"417","M389T297_NEG","Lipids and lipid-like molecules","Prenol lipids","Terpene glycosides"
"418","M389T445_NEG","Phenylpropanoids and polyketides","Neoflavonoids","Prenylated neoflavonoids"
"419","M390T707_POS",NA,NA,NA
"420","M391T926_POS","Benzenoids","Benzene and substituted derivatives","Benzoic acids and derivatives"
"421","M392T819_POS","Organic oxygen compounds","Organooxygen compounds","Carbohydrates and carbohydrate conjugates"
"422","M395T156_NEG","Phenylpropanoids and polyketides","Flavonoids","O-methylated flavonoids"
"423","M397T601_POS","Lipids and lipid-like molecules","Steroids and steroid derivatives","Oxosteroids"
"424","M400T152_NEG","Organic acids and derivatives","Carboxylic acids and derivatives","Carboxylic acid derivatives"
"425","M401T107_NEG","Organic oxygen compounds","Organooxygen compounds","Alcohols and polyols"
"426","M401T303_NEG","Organic oxygen compounds","Organooxygen compounds","Carbohydrates and carbohydrate conjugates"
"427","M402T781_POS","","",""
"428","M405T746_POS","Lipids and lipid-like molecules","Steroids and steroid derivatives","Bile acids, alcohols and derivatives"
"429","M408T860_POS","Organoheterocyclic compounds","Pyrimidodiazepines",""
"430","M409T100_NEG","Benzenoids","Benzene and substituted derivatives","Nitrobenzenes"
"431","M409T108_NEG","Organosulfur compounds","Thioethers","Aryl thioethers"
"432","M414T926_POS","Organoheterocyclic compounds","Pyrrolines",""
"433","M415T360_POS","Lipids and lipid-like molecules","Fatty Acyls","Fatty acyl glycosides"
"434","M415T536_POS","Lipids and lipid-like molecules","Prenol lipids","Sesquiterpenoids"
"435","M415T728_POS","Benzenoids","Benzene and substituted derivatives","Benzoic acids and derivatives"
"436","M416T424_NEG","Organic oxygen compounds","Organooxygen compounds","Carbohydrates and carbohydrate conjugates"
"437","M416T62_NEG","Organic oxygen compounds","Organooxygen compounds","Carbohydrates and carbohydrate conjugates"
"438","M416T820_POS","Benzenoids","Benzene and substituted derivatives","Benzyl alcohols"
"439","M417T108_NEG","Organic oxygen compounds","Organooxygen compounds","Carbohydrates and carbohydrate conjugates"
"440","M417T142_NEG","Organic oxygen compounds","Organooxygen compounds","Carbohydrates and carbohydrate conjugates"
"441","M417T223_NEG","Phenylpropanoids and polyketides","Stilbenes",""
"442","M417T385_POS","Organic oxygen compounds","Organooxygen compounds","Carbohydrates and carbohydrate conjugates"
"443","M418T440_NEG","Organic acids and derivatives","Organic phosphoric acids and derivatives","Phosphate esters"
"444","M418T820_POS","Lipids and lipid-like molecules","Fatty Acyls","Fatty acids and conjugates"
"445","M419T214_NEG","Organic acids and derivatives","Organic phosphonic acids and derivatives","Phosphonic acid diesters"
"446","M419T441_NEG","Organoheterocyclic compounds","Quinolines and derivatives",""
"447","M421T125_NEG",NA,NA,NA
"448","M421T147_NEG",NA,NA,NA
"449","M421T324_NEG","Lipids and lipid-like molecules","Steroids and steroid derivatives","Pregnane steroids"
"450","M422T125_NEG","Organic oxygen compounds","Organooxygen compounds","Carbohydrates and carbohydrate conjugates"
"451","M422T712_POS","Organic nitrogen compounds","Organonitrogen compounds","Organic nitroso compounds"
"452","M422T89_NEG","Organoheterocyclic compounds","Indoles and derivatives","Indoles"
"453","M422T99_NEG","Organic acids and derivatives","Carboxylic acids and derivatives","Carboxylic acid derivatives"
"454","M423T332_POS","Organoheterocyclic compounds","Benzothiazoles",""
"455","M423T819_POS",NA,NA,NA
"456","M424T68_NEG","","",""
"457","M427T165_NEG","Organoheterocyclic compounds","Benzothiophenes","Dibenzothiophenes"
"458","M427T234_NEG","Organoheterocyclic compounds","Aziridines","Aziridinecarboxylic acids or derivatives"
"459","M429T109_NEG",NA,NA,NA
"460","M429T66_NEG","Lipids and lipid-like molecules","Prenol lipids","Triterpenoids"
"461","M429T694_POS","Organic oxygen compounds","Organooxygen compounds","Carbohydrates and carbohydrate conjugates"
"462","M431T125_NEG","Lipids and lipid-like molecules","Prenol lipids","Sesquiterpenoids"
"463","M431T422_NEG",NA,NA,NA
"464","M432T422_NEG","Organoheterocyclic compounds","Azaphilones",""
"465","M432T706_POS","Organic oxygen compounds","Organooxygen compounds","Carbonyl compounds"
"466","M433T107_NEG","","",""
"467","M433T354_2_NEG","Hydrocarbons","Saturated hydrocarbons","Alkanes"
"468","M433T706_POS","Benzenoids","Benzene and substituted derivatives","Anilides"
"469","M435T722_POS","Lipids and lipid-like molecules","Steroids and steroid derivatives","Bile acids, alcohols and derivatives"
"470","M438T723_POS","Organoheterocyclic compounds","Naphthopyrans",""
"471","M439T65_NEG",NA,NA,NA
"472","M439T718_POS","Lipids and lipid-like molecules","Prenol lipids","Terpene glycosides"
"473","M442T171_NEG","Organic acids and derivatives","Carboxylic acids and derivatives","Amino acids, peptides, and analogues"
"474","M443T186_NEG","Benzenoids","Benzene and substituted derivatives","N-phenylureas"
"475","M443T244_NEG",NA,NA,NA
"476","M443T605_POS","Phenylpropanoids and polyketides","Flavonoids","O-methylated flavonoids"
"477","M443T764_POS","Lipids and lipid-like molecules","Fatty Acyls","Fatty alcohols"
"478","M445T97_NEG","Benzenoids","Phenanthrenes and derivatives",""
"479","M448T463_POS","Lipids and lipid-like molecules","Prenol lipids","Diterpenoids"
"480","M449T125_NEG","Organoheterocyclic compounds","Tetrahydroisoquinolines",""
"481","M450T65_NEG","Organoheterocyclic compounds","Diazanaphthalenes","Benzodiazines"
"482","M452T332_POS","Organoheterocyclic compounds","Naphthopyrans",""
"483","M454T747_POS","Lipids and lipid-like molecules","Glycerophospholipids","Glycerophosphoethanolamines"
"484","M454T789_POS","Organic oxygen compounds","Organooxygen compounds","Carbohydrates and carbohydrate conjugates"
"485","M455T706_2_POS","Lipids and lipid-like molecules","Prenol lipids","Terpene glycosides"
"486","M456T280_NEG","Organic acids and derivatives","Carboxylic acids and derivatives","Amino acids, peptides, and analogues"
"487","M459T65_NEG","Lipids and lipid-like molecules","Prenol lipids","Terpene lactones"
"488","M461T403_POS","Phenylpropanoids and polyketides","Flavonoids","O-methylated flavonoids"
"489","M461T407_NEG","Organic acids and derivatives","Carboxylic acids and derivatives","Amino acids, peptides, and analogues"
"490","M461T479_POS","Lipids and lipid-like molecules","Steroids and steroid derivatives","Bile acids, alcohols and derivatives"
"491","M462T398_POS","Organoheterocyclic compounds","Quinolidines",""
"492","M463T398_2_POS","Organoheterocyclic compounds","Pyrroles","Substituted pyrroles"
"493","M463T63_NEG","Lipids and lipid-like molecules","Steroids and steroid derivatives","Bile acids, alcohols and derivatives"
"494","M464T814_POS","Lipids and lipid-like molecules","Prenol lipids","Diterpenoids"
"495","M465T177_NEG","Phenylpropanoids and polyketides","Flavonoids","Flavones"
"496","M465T369_NEG","Lipids and lipid-like molecules","Prenol lipids","Terpene lactones"
"497","M465T438_POS","Lipids and lipid-like molecules","Fatty Acyls","Fatty acids and conjugates"
"498","M465T475_POS","Organic acids and derivatives","Carboxylic acids and derivatives","Amino acids, peptides, and analogues"
"499","M465T63_NEG","Benzenoids","Benzene and substituted derivatives","Benzenesulfonamides"
"500","M465T770_POS","Organoheterocyclic compounds","Benzothiepins","Dibenzothiepins"
"501","M466T819_POS","Lipids and lipid-like molecules","Prenol lipids","Diterpenoids"
"502","M472T390_NEG","Lipids and lipid-like molecules","Fatty Acyls","Fatty acid esters"
"503","M472T437_POS","Benzenoids","Benzene and substituted derivatives","Diphenylmethanes"
"504","M473T134_NEG","Benzenoids","Benzene and substituted derivatives","Benzoic acids and derivatives"
"505","M473T65_NEG",NA,NA,NA
"506","M474T481_2_POS","Organoheterocyclic compounds","Indoles and derivatives","Pyrroloindoles"
"507","M474T565_POS","Organic acids and derivatives","Carboxylic acids and derivatives","Tetracarboxylic acids and derivatives"
"508","M475T65_NEG","Lipids and lipid-like molecules","Steroids and steroid derivatives","Stigmastanes and derivatives"
"509","M477T811_POS","Lipids and lipid-like molecules","Steroids and steroid derivatives","Stigmastanes and derivatives"
"510","M479T445_POS","Lipids and lipid-like molecules","Prenol lipids","Terpene glycosides"
"511","M480T309_POS","Lipids and lipid-like molecules","Prenol lipids","Monoterpenoids"
"512","M480T435_NEG","Organoheterocyclic compounds","Benzodioxoles",""
"513","M481T63_NEG","Lipids and lipid-like molecules","Prenol lipids","Terpene lactones"
"514","M484T355_POS","Organoheterocyclic compounds","Quinolidines",""
"515","M488T421_NEG","Organic acids and derivatives","Carboxylic acids and derivatives","Amino acids, peptides, and analogues"
"516","M492T311_NEG","Organic acids and derivatives","Carboxylic acids and derivatives","Amino acids, peptides, and analogues"
"517","M494T744_POS","Organic oxygen compounds","Organooxygen compounds","Carbohydrates and carbohydrate conjugates"
"518","M495T152_NEG",NA,NA,NA
"519","M496T151_NEG","Organic oxygen compounds","Organooxygen compounds","Carbohydrates and carbohydrate conjugates"
"520","M496T787_POS","Lipids and lipid-like molecules","Glycerophospholipids","Glycerophosphocholines"
"521","M497T404_POS",NA,NA,NA
"522","M498T165_NEG","Organic oxygen compounds","Organooxygen compounds","Carbohydrates and carbohydrate conjugates"
"523","M499T224_NEG","Organic oxygen compounds","Organooxygen compounds","Carbohydrates and carbohydrate conjugates"
"524","M499T869_POS","Lipids and lipid-like molecules","Prenol lipids","Sesquaterpenoids"
"525","M501T800_POS","Phenylpropanoids and polyketides","Macrolides and analogues",""
"526","M503T239_NEG","Benzenoids","Naphthacenes","Tetracenequinones"
"527","M503T434_NEG","Organic oxygen compounds","Organooxygen compounds","Carbohydrates and carbohydrate conjugates"
"528","M504T444_2_POS","Organoheterocyclic compounds","Tetrahydroisoquinolines",""
"529","M504T783_POS","Organoheterocyclic compounds","Thiophenes","Thiophene carboxylic acids and derivatives"
"530","M506T169_NEG","Organosulfur compounds","Thiols","Alkylthiols"
"531","M507T137_NEG","Phenylpropanoids and polyketides","Flavonoids","Flavans"
"532","M507T154_NEG","Organic oxygen compounds","Organooxygen compounds","Carbohydrates and carbohydrate conjugates"
"533","M508T94_POS","Organic acids and derivatives","Carboxylic acids and derivatives","Amino acids, peptides, and analogues"
"534","M509T202_NEG","Organic acids and derivatives","Carboxylic acids and derivatives","Pentacarboxylic acids and derivatives"
"535","M509T72_POS","Benzenoids","Anthracenes",""
"536","M511T419_POS","Lipids and lipid-like molecules","Steroids and steroid derivatives","Bile acids, alcohols and derivatives"
"537","M514T207_POS","Lipids and lipid-like molecules","Prenol lipids","Terpene lactones"
"538","M515T146_NEG",NA,NA,NA
"539","M515T780_2_POS","Lipids and lipid-like molecules","Prenol lipids","Triterpenoids"
"540","M520T476_POS","Organic acids and derivatives","Carboxylic acids and derivatives","Amino acids, peptides, and analogues"
"541","M522T74_POS",NA,NA,NA
"542","M529T829_POS","Lipids and lipid-like molecules","Prenol lipids","Diterpenoids"
"543","M532T297_NEG","Alkaloids and derivatives","Ergoline and derivatives","Lysergic acids and derivatives"
"544","M532T725_POS","Lipids and lipid-like molecules","Prenol lipids","Diterpenoids"
"545","M535T880_POS","Lipids and lipid-like molecules","Prenol lipids","Triterpenoids"
"546","M537T743_POS","Phenylpropanoids and polyketides","Macrolides and analogues",""
"547","M537T876_POS","Lipids and lipid-like molecules","Steroids and steroid derivatives","Cycloartanols and derivatives"
"548","M538T161_NEG","Alkaloids and derivatives","Hasubanan alkaloids",""
"549","M538T452_1_POS","Organoheterocyclic compounds","Pteridines and derivatives","Pterins and derivatives"
"550","M539T277_NEG","Lipids and lipid-like molecules","Prenol lipids","Diterpenoids"
"551","M539T466_2_POS","Organic acids and derivatives","Carboxylic acids and derivatives","Amino acids, peptides, and analogues"
"552","M541T160_NEG","Phenylpropanoids and polyketides","Diarylheptanoids","Linear diarylheptanoids"
"553","M541T392_POS","Phenylpropanoids and polyketides","Isoflavonoids","Pyranoisoflavonoids"
"554","M542T466_POS","Organoheterocyclic compounds","Tetrazines","Aminotetrazines"
"555","M553T802_POS",NA,NA,NA
"556","M557T299_NEG","Lipids and lipid-like molecules","Fatty Acyls","Fatty acyl glycosides"
"557","M561T786_POS","Lipids and lipid-like molecules","Prenol lipids","Triterpenoids"
"558","M563T276_NEG","Organic acids and derivatives","Carboxylic acids and derivatives","Amino acids, peptides, and analogues"
"559","M564T276_NEG","Organic acids and derivatives","Carboxylic acids and derivatives","Amino acids, peptides, and analogues"
"560","M565T286_NEG","Lipids and lipid-like molecules","Prenol lipids","Triterpenoids"
"561","M565T410_NEG","Nucleosides, nucleotides, and analogues","Pyrimidine nucleotides","Pyrimidine nucleotide sugars"
"562","M565T802_POS","Lipids and lipid-like molecules","Prenol lipids","Tetraterpenoids"
"563","M567T379_POS","Phenylpropanoids and polyketides","Flavonoids","O-methylated flavonoids"
"564","M567T456_2_POS","Lipids and lipid-like molecules","Prenol lipids","Sesterterpenoids"
"565","M570T414_POS",NA,NA,NA
"566","M572T463_POS","Benzenoids","Fluorenes",""
"567","M573T398_POS","Phenylpropanoids and polyketides","Tannins","Hydrolyzable tannins"
"568","M573T443_POS","Benzenoids","Benzene and substituted derivatives","Styrenes"
"569","M578T395_NEG","Lipids and lipid-like molecules","Saccharolipids",""
"570","M578T831_POS","Lipids and lipid-like molecules","Steroids and steroid derivatives","Steroidal glycosides"
"571","M579T121_NEG","Lignans, neolignans and related compounds","Lignan glycosides",""
"572","M581T65_NEG","Lipids and lipid-like molecules","Prenol lipids","Tetraterpenoids"
"573","M582T742_POS","Organic oxygen compounds","Organooxygen compounds","Carbohydrates and carbohydrate conjugates"
"574","M589T831_POS","Lipids and lipid-like molecules","Prenol lipids","Triterpenoids"
"575","M590T462_POS","Alkaloids and derivatives","Ergoline and derivatives","Lysergic acids and derivatives"
"576","M591T358_NEG","Organoheterocyclic compounds","Benzopyrans","1-benzopyrans"
"577","M592T66_NEG","Lipids and lipid-like molecules","Prenol lipids","Terpene lactones"
"578","M593T384_POS","Lipids and lipid-like molecules","Steroids and steroid derivatives","Steroidal glycosides"
"579","M601T816_POS","Organoheterocyclic compounds","Benzopyrans","1-benzopyrans"
"580","M605T760_POS","Lipids and lipid-like molecules","Prenol lipids","Triterpenoids"
"581","M606T166_NEG","Organic acids and derivatives","Peptidomimetics","Depsipeptides"
"582","M607T890_POS","Organoheterocyclic compounds","Tetrapyrroles and derivatives","Chlorins"
"583","M608T331_POS","Organic acids and derivatives","Carboxylic acids and derivatives","Pentacarboxylic acids and derivatives"
"584","M609T766_POS","Lipids and lipid-like molecules","Prenol lipids","Triterpenoids"
"585","M611T479_2_POS","Lipids and lipid-like molecules","Steroids and steroid derivatives","Cucurbitacins"
"586","M615T326_POS","Lipids and lipid-like molecules","Prenol lipids","Tetraterpenoids"
"587","M619T777_POS","Lignans, neolignans and related compounds","",""
"588","M619T801_POS","Lipids and lipid-like molecules","Prenol lipids","Tetraterpenoids"
"589","M621T740_POS","Lipids and lipid-like molecules","Prenol lipids","Terpene glycosides"
"590","M621T95_NEG","Lipids and lipid-like molecules","Prenol lipids","Triterpenoids"
"591","M623T427_NEG","Lipids and lipid-like molecules","Prenol lipids","Terpene lactones"
"592","M634T428_NEG","Benzenoids","Benzene and substituted derivatives","Benzoic acids and derivatives"
"593","M635T503_NEG","Phenylpropanoids and polyketides","Flavonoids","Flavonoid glycosides"
"594","M636T341_NEG","","",""
"595","M638T433_NEG","Organic oxygen compounds","Organooxygen compounds","Carbohydrates and carbohydrate conjugates"
"596","M641T504_2_NEG","Lignans, neolignans and related compounds","Flavonolignans",""
"597","M643T444_POS","Lipids and lipid-like molecules","Steroids and steroid derivatives","Steroid lactones"
"598","M650T66_NEG","Lipids and lipid-like molecules","Fatty Acyls","Lineolic acids and derivatives"
"599","M652T899_POS","Organic oxygen compounds","Organic oxoanionic compounds","Organic nitrates"
"600","M658T756_POS","Lipids and lipid-like molecules","Fatty Acyls","Fatty acid esters"
"601","M659T542_POS","Lipids and lipid-like molecules","Steroids and steroid derivatives","Cycloartanols and derivatives"
"602","M661T718_POS","Alkaloids and derivatives","Macroline alkaloids",""
"603","M664T391_NEG","Organic oxygen compounds","Organooxygen compounds","Carbohydrates and carbohydrate conjugates"
"604","M665T458_NEG","Organic oxygen compounds","Organooxygen compounds","Carbohydrates and carbohydrate conjugates"
"605","M666T337_NEG","","",""
"606","M669T739_POS","Organoheterocyclic compounds","Benzopyrans","1-benzopyrans"
"607","M670T400_NEG","Phenylpropanoids and polyketides","Anthracyclines",""
"608","M670T739_POS","Organic acids and derivatives","Peptidomimetics","Depsipeptides"
"609","M676T514_NEG","Lipids and lipid-like molecules","Fatty Acyls","Fatty acid esters"
"610","M684T489_POS","Organoheterocyclic compounds","Naphthofurans",""
"611","M685T389_NEG","Lipids and lipid-like molecules","Saccharolipids",""
"612","M686T838_POS","Organic acids and derivatives","Peptidomimetics","Hybrid peptides"
"613","M687T514_2_NEG","Phenylpropanoids and polyketides","Angucyclines",""
"614","M693T901_POS","Lipids and lipid-like molecules","Prenol lipids","Triterpenoids"
"615","M698T65_NEG","Organic acids and derivatives","Carboxylic acids and derivatives","Amino acids, peptides, and analogues"
"616","M711T458_NEG",NA,NA,NA
"617","M713T96_NEG","Lipids and lipid-like molecules","Sphingolipids","Glycosphingolipids"
"618","M715T113_NEG","Lipids and lipid-like molecules","Glycerophospholipids","Glycerophosphoethanolamines"
"619","M717T67_NEG","Lipids and lipid-like molecules","Prenol lipids","Sesquiterpenoids"
"620","M718T410_POS","Lipids and lipid-like molecules","Fatty Acyls","Fatty acid esters"
"621","M721T514_NEG","Phenylpropanoids and polyketides","Isoflavonoids","Isoflavonoid O-glycosides"
"622","M723T220_NEG","Phenylpropanoids and polyketides","Macrolides and analogues",""
"623","M726T145_NEG","Organic acids and derivatives","Carboxylic acids and derivatives","Amino acids, peptides, and analogues"
"624","M72T399_NEG","Benzenoids","Benzene and substituted derivatives","N-phenylureas"
"625","M731T707_POS","Benzenoids","Benzene and substituted derivatives","Benzoic acids and derivatives"
"626","M73T938_POS","Organoheterocyclic compounds","Isoquinolines and derivatives","Benzylisoquinolines"
"627","M741T164_NEG","Benzenoids","Benzene and substituted derivatives",""
"628","M741T69_NEG","Organic acids and derivatives","Carboxylic acids and derivatives","Amino acids, peptides, and analogues"
"629","M742T70_NEG","Organic acids and derivatives","Carboxylic acids and derivatives","Amino acids, peptides, and analogues"
"630","M747T71_NEG","Lipids and lipid-like molecules","Glycerophospholipids","Glycerophosphoglycerols"
"631","M74T423_NEG","Benzenoids","Benzene and substituted derivatives","Benzophenones"
"632","M74T458_1_NEG","Benzenoids","Benzene and substituted derivatives","Diphenylmethanes"
"633","M74T930_POS","Organic nitrogen compounds","Organonitrogen compounds","Amines"
"634","M750T96_NEG","Lipids and lipid-like molecules","Glycerolipids","Glycosylglycerols"
"635","M755T387_POS","Lipids and lipid-like molecules","Steroids and steroid derivatives","Steroidal glycosides"
"636","M759T730_POS","Lipids and lipid-like molecules","Glycerophospholipids","Glycerophosphocholines"
"637","M75T140_NEG","Organic acids and derivatives","Hydroxy acids and derivatives","Alpha hydroxy acids and derivatives"
"638","M75T932_POS","","",""
"639","M767T389_NEG","Organic acids and derivatives","Carboxylic acids and derivatives","Pentacarboxylic acids and derivatives"
"640","M773T523_NEG","Phenylpropanoids and polyketides","Flavonoids","Flavonoid glycosides"
"641","M785T522_2_NEG","Organoheterocyclic compounds","Benzothiazines",""
"642","M786T224_NEG","Benzenoids","Benzene and substituted derivatives","Benzoic acids and derivatives"
"643","M786T477_POS","Benzenoids","Benzene and substituted derivatives","Phenylacetamides"
"644","M786T523_NEG","","",""
"645","M789T428_NEG","Organoheterocyclic compounds","Benzopyrans","1-benzopyrans"
"646","M78T458_1_NEG","Homogeneous non-metal compounds","Halogen organides","Halogen hydrides"
"647","M798T239_NEG","Organic acids and derivatives","Carboxylic acids and derivatives","Hexacarboxylic acids and derivatives"
"648","M799T458_NEG","Phenylpropanoids and polyketides","Flavonoids","Flavonoid glycosides"
"649","M799T514_2_NEG","Organic oxygen compounds","Organooxygen compounds","Carbohydrates and carbohydrate conjugates"
"650","M79T93_NEG","Benzenoids","Benzene and substituted derivatives","Benzonitriles"
"651","M805T118_NEG",NA,NA,NA
"652","M805T174_NEG","Organic acids and derivatives","Carboxylic acids and derivatives","Amino acids, peptides, and analogues"
"653","M813T174_NEG",NA,NA,NA
"654","M817T514_2_NEG","Lipids and lipid-like molecules","Prenol lipids","Triterpenoids"
"655","M81T157_NEG","Organic nitrogen compounds","Organonitrogen compounds","Amines"
"656","M81T66_NEG","Homogeneous non-metal compounds","Non-metal oxoanionic compounds","Non-metal sulfites"
"657","M826T428_NEG","Organoheterocyclic compounds","Azepanes",""
"658","M829T478_NEG","Organic oxygen compounds","Organooxygen compounds","Carbohydrates and carbohydrate conjugates"
"659","M835T571_POS","Lipids and lipid-like molecules","Prenol lipids","Terpene glycosides"
"660","M83T66_NEG","Benzenoids","Benzene and substituted derivatives","Phenethylamines"
"661","M867T63_POS",NA,NA,NA
"662","M86T63_POS","Benzenoids","Benzene and substituted derivatives","Benzoic acids and derivatives"
"663","M86T78_POS","Organoheterocyclic compounds","Piperidines",""
"664","M87T63_POS",NA,NA,NA
"665","M884T530_1_NEG","Lipids and lipid-like molecules","Steroids and steroid derivatives","Steroidal glycosides"
"666","M886T473_POS","Organoheterocyclic compounds","Tetrapyrroles and derivatives","Chlorins"
"667","M88T91_NEG","Organic acids and derivatives","Carboxylic acids and derivatives","Amino acids, peptides, and analogues"
"668","M88T917_POS","Organoheterocyclic compounds","Oxazinanes","Morpholines"
"669","M893T391_NEG","Benzenoids","Benzene and substituted derivatives","Aniline and substituted anilines"
"670","M901T460_POS","Lipids and lipid-like molecules","Steroids and steroid derivatives","Steroidal glycosides"
"671","M904T523_2_NEG","Benzenoids","Benzene and substituted derivatives","Benzenesulfonamides"
"672","M918T537_2_NEG","Alkaloids and derivatives","",""
"673","M922T537_NEG",NA,NA,NA
"674","M928T477_NEG","Phenylpropanoids and polyketides","Macrolactams",""
"675","M929T537_NEG","Alkaloids and derivatives","",""
"676","M938T397_POS","Lipids and lipid-like molecules","Fatty Acyls","Eicosanoids"
"677","M93T94_POS","Benzenoids","Benzene and substituted derivatives","Benzophenones"
"678","M940T232_NEG","Benzenoids","Benzene and substituted derivatives","Biphenyls and derivatives"
"679","M94T915_POS","Benzenoids","Benzene and substituted derivatives","Aniline and substituted anilines"
"680","M957T441_POS","Lipids and lipid-like molecules","Prenol lipids","Triterpenoids"
"681","M958T478_NEG","","",""
"682","M95T129_NEG","Lipids and lipid-like molecules","Steroids and steroid derivatives","Steroid esters"
"683","M95T94_POS","Benzenoids","Phenols","1-hydroxy-4-unsubstituted benzenoids"
"684","M963T349_NEG",NA,NA,NA
"685","M965T433_POS","Organic acids and derivatives","Peptidomimetics","Depsipeptides"
"686","M97T477_1_NEG","Organoheterocyclic compounds","Heteroaromatic compounds",""
"687","M985T530_2_NEG","Phenylpropanoids and polyketides","Flavonoids","Flavonoid glycosides"
"688","M989T492_NEG","Lipids and lipid-like molecules","Fatty Acyls","Fatty acid esters"
"689","M991T332_NEG","Lipids and lipid-like molecules","Prenol lipids","Terpene glycosides"
"690","M993T783_POS","Organic acids and derivatives","Carboxylic acids and derivatives","Amino acids, peptides, and analogues"
"691","M995T458_POS","Organic acids and derivatives","Peptidomimetics","Depsipeptides"
"692","M99T917_POS","Hydrocarbons","Saturated hydrocarbons","Alkanes"
"693","M99T957_POS",NA,NA,NA
